{"cameraMode":{"drawMode":0,"name":"Shaded","section":"Shading Mode"},"sceneLighting":true,"audioPlay":false,"sceneViewState":{"showFog":true,"showMaterialUpdate":false,"showSkybox":true,"showFlares":true,"showImageEffects":true,"showParticleSystems":true},"in2DMode":false,"pivot":{"x":7.542901039123535,"y":-0.9472898244857788,"z":19.610488891601564},"rotation":{"x":0.08575975149869919,"y":0.05576305836439133,"z":-0.004808535799384117,"w":0.9947484731674194},"size":16.42074966430664,"orthographic":false}